id,code
1,T163-1A
2,C3-5159
3,C15-4856
4,T50-3A
5,T157-1A
6,T152-1A
7,T152-2A
8,C7-5154
9,T50-1A
10,T55-3A
11,D3-5204
12,T55-1A
13,B25-4126
14,C4-4791
15,F1-509
16,C13-5036
17,B4-4785
18,T68-3A
19,T106-1A
20,S25-4493
21,F1-120
22,F1-116
23,C12-4792
24,B7-5124
25,T68-2A
26,B2-4957
27,T9-3A
28,FAA-102
29,B21-4968
30,T36-1A
31,T213-2A
32,T27-2A
33,D4-5199
34,T42-1A
35,T173-2A
36,C3-5153
37,B23-5148
38,F1-407
39,T74-1A
40,E7-4808
41,C9-5162
42,C17-5151
43,T24-1A
44,T171-1A
45,T158-1A
46,C23-4886
47,T160-1A
48,F1-117
49,D9-5212
50,C30-4571
51,C16-4839
52,T52-3A
53,T37-1A
54,D2-5189
55,C18-4858
56,C17-5187
57,C15-4790
58,B23-4966
59,T18-1A
60,C27-4527
61,D7-4904
62,T212-2A
63,C8-5164
64,D5-5202
65,T55-2A
66,C6-5035
67,D7-4905
68,D7-4903
69,C3-5179
70,C6-5155
71,D9-4910
72,D7-4906
73,T43-1A
74,F1-118
75,F1-CPP
76,C6-5242
77,E4-4822
78,S9-4454
79,FAA-104
80,E2-4305
81,D3-5200
82,T16-1A
83,T49-1A
84,T34-1A
85,C13-5170
86,B20-4970
87,C3-4793
88,C4-5157
89,F1-231
90,D3-4897
91,C19-4846
92,C30-4572
93,C17-4329
94,C17-4842
95,B21-5205
96,T161-1A
97,C12-4400
98,T38-1A
99,T50-3A
100,T55-2A
101,C12-4400
102,FAA-125
103,FAA-120
104,T18-2A
105,FAA-101
106,C14-4851
107,FAA-318
108,C17-5151
109,FAA-116
110,FAA-312
111,FAA-103
112,FAA-317
113,FAA-102
114,C23-4886
115,FAA-100
116,T46-1A
117,FAA-115
118,T55-1A
119,T37-1A
120,C13-5170
246,T158-1A
121,C17-5187
122,FAA-303
123,FAA-109
124,C6-5035
125,C6-5155
126,FAA-313
127,FAA-130
128,C6-5242
129,C9-5162
130,FAA-316
131,FAA-129
132,D2-5189
133,FAA-104
247,T147-3A
134,D5-5202
135,FAA-126
136,D9-5211
137,FAA-123
138,FAA-106
139,D9-5212
140,FAA-107
141,T157-1A
142,C30-4571
143,D9-4910
144,E9-4817
145,C30-4572
146,C15-4790
147,FAA-121
148,C12-4792
149,C18-4858
150,D3-4897
151,FAA-127
152,C19-4846
153,C15-4856
154,C16-5186
155,C3-4793
156,C17-4329
157,T128-2A
158,T65-1A
159,FAA-119
160,T64-1A
161,F1-229
162,B07
163,FAA-124
164,B08
165,B11
166,B14
167,B21-4969
168,C13-5161
169,C15B-4950
170,C15C-4972
171,FAA-311
172,FAA-118
173,C15D-4949
174,T4-1A
175,FAA-105
176,T5-1A
177,T6-1A
178,FAA-117
179,T8-1A
180,T09J400A
181,T21-1A
182,T22-3A
183,FAA-122
184,T61-1A
185,T43-1A
186,T9-3A
187,T161-1A
188,T66-1A
189,F1-246
190,F1-110
191,F1-214
192,T68-2A
193,T253-3A
194,T9-1A
195,B2-4957
196,T154-1A
197,T152-2A
198,T174-1A
199,T104-3A
200,T105-1A
201,T163-1A
202,T17-1A
203,T157-3A
204,T10-1A
205,F1-122
206,T69-1A
207,T212-3A
208,T213-2A
209,T100-3A
210,T18-3A
211,T14-1A
212,T16-1A
213,T10-2A
214,T38-1A
215,B25-4126
216,T160-1A
217,T174-2A
218,T159-3A
219,T212-1A
220,T147-2A
221,T9-2A
222,T68-3A
223,T140-2A
224,T47-2A
225,T171-1A
226,T173-2A
227,T167-1A
228,T212-2A
229,T67-3A
230,T68-1A
231,T41-1A
232,T34-1A
233,T55-3A
234,T65-2A
235,T10-3A
236,T106-1A
237,T49-1A
238,T11-1A
239,T18-1A
240,T26-1A
241,T27-1A
242,T27-2A
243,T29-1A
244,T106-2A
245,T173-1A
248,T152-1A
249,T159-1A
250,T36-1A
251,T50-1A
252,T52-3A
253,T58-1A
254,T32-1A
255,T47-1A
256,T47-3A
257,T70-1A
258,T74-1A
259,T48-1A
260,T42-1A
1930,FAA-701
261,C27-4527
262,F1-600
263,E8-4816
264,B25-4401
265,B19-4387
266,B3-4921
267,E2-4305
268,E3-4811
269,E4-4809
270,E4-4819
271,E4-4820
272,E4-4822
273,E6-4821
274,E7-4808
275,E8-4304
276,E8-4810
277,E8-4812
278,C16-4839
279,B30-4340
280,B30-4341
281,B30-4433
282,B30-4434
283,C17-4842
284,C4-4791
285,D9-4911
286,B4-4785
287,B4-4112
288,F1-231
289,F1-2228
290,FAA-403
291,FAA-401
292,FAA-400
293,T18-1A
294,F1-120
295,FAA-100
296,T22-3A
297,D5-4894
298,FAA-101
299,T24-1A
300,C6-5242
301,T21-1A
302,B22-5150
303,C19-4846
304,FAA-104
305,C4-5157
306,C6-5035
307,FAA-115
308,C6-5155
309,C7-5154
310,FAA-116
311,C8-5164
312,C9-5165
313,FAA-118
314,D2-5189
315,D3-5200
316,FAA-121
978,T10-2A
317,D3-5204
318,C9-5162
319,FAA-126
320,D4-5199
321,D5-5202
322,FAA-303
323,D9-5211
324,D9-5212
325,E3-5238
326,B21-4968
327,B21-5145
328,B21-5205
329,B23-4966
330,B23-5148
331,C10-5180
332,C11-5171
333,C12-5160
334,C13-5036
335,C13-5166
336,C13-5170
337,C15-5176
338,C15-5182
1931,FAA-700
339,C16-5186
340,C17-5151
341,C17-5187
342,C20-5178
343,B4-5128
344,C21-5184
345,C22-5181
346,C22-5183
347,D9-4910
348,C17-4329
349,C30-4572
350,B07
351,B08
352,B11
353,B21-4969
354,C15C-4972
355,C15D-4949
356,C17-4842
357,C30-4571
358,B25-4401
359,B4-4785
360,C12-4400
361,D3-4897
362,D9-4911
363,E8-4810
364,C15-4856
365,C4-4791
366,E8-4816
367,C2-5229
368,B19-4387
369,B7-5124
370,B30-4340
371,B6-5126
372,B20-4970
373,C18-4858
374,C3-4793
375,E2-4305
376,B5-5122
377,E4-4809
378,B7-5127
379,E4-4820
380,E4-4822
381,E6-4821
382,F1-600
383,E7-4808
384,C27-4527
385,E4-4819
386,E8-4304
387,E8-4812
388,B4-4112
389,C28-4890
390,C14-4851
391,B4-4953
392,E3-4811
393,C3-5159
394,C16-4839
395,C15-4790
396,C12-4792
397,C23-4886
398,E9-4817
399,B25-4126
400,C5-5158
401,F1-121
402,C3-5179
403,T29-1A
404,T26-1A
405,T32-1A
406,B2-5123
407,T58-1A
408,T48-1A
409,T50-3A
410,T43-1A
411,T50-1A
412,T68-1A
413,T66-1A
414,T74-1A
415,T70-1A
416,T55-1A
417,T55-2A
418,T52-3A
419,T47-3A
420,T47-1A
421,T46-1A
422,T36-1A
423,T11-1A
424,T42-1A
425,T41-1A
426,T10-3A
427,T27-1A
428,T159-1A
429,T158-1A
430,T173-1A
431,T159-3A
432,T171-1A
433,T157-1A
434,T167-1A
435,T152-1A
436,T147-3A
437,T140-2A
438,T65-2A
439,T128-2A
440,F1-122
441,B3-4921
442,T147-2A
443,T163-1A
444,T174-2A
445,T213-2A
446,T10-1A
447,T8-1A
448,T18-3A
449,T14-1A
450,T37-1A
451,T27-2A
452,T106-1A
453,T100-3A
454,T67-3A
455,T49-1A
456,T55-3A
457,C3-5153
458,T69-1A
459,T34-1A
460,T38-1A
461,T10-2A
462,T17-1A
463,T16-1A
464,T157-3A
465,T6-1A
466,T5-1A
467,T173-2A
468,T212-2A
469,T154-1A
470,F1-2111
471,T160-1A
472,T9-1A
473,T9-2A
474,T68-3A
475,T68-2A
476,T253-3A
477,T47-2A
478,T152-2A
479,T212-1A
480,T212-3A
1932,T232-2A
481,B2-4957
482,T174-1A
483,T61-1A
484,T09J400A
485,T4-1A
486,T9-3A
487,T18-2A
488,T161-1A
489,F1-110
490,F1-246
491,F1-214
492,F1-239
493,F1-231
494,T64-1A
495,F1-229
496,F1-2228
497,T65-1A
498,FAA-317
499,FAA-107
500,FAA-127
501,FAA-129
502,FAA-130
503,FAA-311
504,FAA-312
505,FAA-313
506,FAA-316
507,FAA-125
508,FAA-318
509,FAA-400
510,FAA-401
511,FAA-403
512,FAA-102
513,FAA-128
514,FAA-105
515,FAA-123
516,FAA-120
517,FAA-103
518,FAA-106
519,FAA-109
520,FAA-117
521,FAA-119
522,FAA-122
523,FAA-124
524,C16-4839
525,FAA-303
526,T10-1A
527,FAA-126
528,T18-2A
529,FAA-121
530,E2-4305
531,FAA-118
532,T4-1A
533,FAA-116
534,C15-5182
535,FAA-115
536,T49-1A
537,FAA-104
538,C3-4793
539,FAA-102
540,T8-1A
541,FAA-101
542,C6-5035
543,FAA-100
544,T163-1A
545,C5-5158
546,C6-5155
547,T68-1A
548,C6-5242
549,E4-4819
550,C7-5154
551,C8-5164
552,C9-5162
553,C9-5165
554,D2-5189
555,D3-5200
556,D3-5204
557,D4-5199
558,D5-5202
559,E3-4811
560,D9-5211
561,D9-5212
562,E3-5238
563,B21-4968
564,B21-5145
565,B22-5150
566,B23-4966
567,C15-4790
568,B23-5148
569,C10-5180
570,C11-5171
571,C12-5160
572,C13-5036
573,C13-5166
574,C13-5170
575,C15-5176
576,C16-5186
577,C17-5151
578,C17-5187
579,C20-5178
580,C21-5184
581,C22-5181
582,B08
583,B11
584,B21-4969
585,C13-5161
586,C15D-4949
587,C22-5183
588,C4-4791
589,B3-4921
590,E8-4812
591,B25-4401
592,E8-4816
593,E4-4809
594,F1-600
595,D3-4897
596,D9-4911
597,E8-4810
598,E8-4304
599,B4-4785
600,B25-4126
601,C12-4400
602,B20-4970
603,C17-4842
604,B2-4957
605,C17-4329
606,C12-4792
607,C19-4846
608,B2-5123
609,E9-4817
610,E7-4808
611,E6-4821
612,E4-4820
613,E4-4822
614,C15-4856
615,C14-4851
616,B19-4387
617,B21-5205
618,B4-4112
619,F1-121
620,B4-5128
621,F1-119
622,C4-5157
623,C2-5229
624,T67-3A
625,T66-1A
626,T64-1A
627,F1-122
628,T18-1A
629,T61-1A
630,C3-5159
631,T10-3A
632,T128-2A
633,T65-2A
634,T65-1A
635,T48-1A
636,T50-3A
637,T69-1A
638,T11-1A
639,T37-1A
640,T29-1A
641,T32-1A
642,T58-1A
643,T159-1A
644,T9-1A
645,T68-3A
646,T68-2A
647,T253-3A
648,T9-2A
1933,T238-1A
649,T213-2A
650,T147-2A
651,T55-3A
652,T55-1A
653,T47-3A
654,T47-1A
655,T46-1A
656,T36-1A
657,T42-1A
658,T14-1A
659,T50-1A
660,T173-1A
661,T159-3A
662,T6-1A
663,T5-1A
664,T17-1A
665,B4-4953
666,T22-3A
667,T152-2A
668,T18-3A
669,T74-1A
670,T70-1A
671,T41-1A
672,T38-1A
673,T10-2A
674,T27-1A
675,T26-1A
676,T55-2A
677,T52-3A
678,T167-1A
679,T147-3A
680,T160-1A
681,T158-1A
682,T171-1A
683,B5-5122
684,C3-5153
685,T157-1A
686,T47-2A
687,T154-1A
688,T152-1A
689,T27-2A
690,T16-1A
691,T157-3A
692,F1-231
693,T9-3A
694,T09J400A
695,T34-1A
696,T161-1A
697,T106-1A
698,T100-3A
699,F1-110
700,C3-5179
701,B7-5127
702,C18-4858
703,F1-246
704,F1-214
705,F1-239
706,B6-5126
707,B7-5124
708,FAA-124
709,FAA-105
710,FAA-128
711,FAA-318
712,FAA-317
713,FAA-316
714,FAA-313
715,FAA-312
716,FAA-311
717,FAA-130
718,FAA-129
719,FAA-127
720,FAA-125
721,FAA-120
722,FAA-122
723,FAA-119
724,FAA-117
725,FAA-109
726,FAA-106
727,FAA-103
728,FAA-123
729,FAA-100
730,FAA-303
731,E2-4305
732,FAA-101
733,T37-1A
734,C15-4790
735,FAA-102
736,T67-3A
737,T6-1A
738,FAA-104
739,E3-4811
740,FAA-121
741,FAA-115
742,C16-4839
743,F1-600
744,FAA-116
745,C13-5036
746,C17-4842
747,FAA-118
748,C15-5176
749,E8-4304
750,FAA-126
751,T253-3A
752,E3-5238
753,T49-1A
754,E4-4819
755,B21-4968
756,B21-5145
757,B22-5150
758,B23-5148
759,C10-5180
760,C11-5171
761,C12-5160
762,C13-5166
763,C13-5170
764,D2-5189
765,C15-5182
766,C16-5186
767,C17-5151
768,C17-5187
769,C18-4858
770,C8-5164
771,C22-5181
772,C22-5183
773,B3-4921
774,B25-4401
775,C12-4400
776,C12-4792
777,B25-4126
778,E7-4808
779,E6-4821
780,E4-4822
781,E4-4820
782,C17-4329
783,C19-4846
784,C15-4856
785,C14-4851
786,E4-4809
787,B20-4970
788,B19-4387
789,C13-5161
790,T69-1A
791,T68-1A
792,T68-2A
793,F1-122
794,F1-121
795,T64-1A
796,T14-1A
797,T11-1A
798,T10-2A
799,T38-1A
800,T32-1A
801,T5-1A
802,T17-1A
803,T61-1A
804,T10-3A
805,T10-1A
806,T65-1A
807,T128-2A
808,T65-2A
809,T9-2A
810,T173-2A
811,T154-1A
812,T48-1A
813,T55-2A
814,T52-3A
815,T9-1A
816,T8-1A
817,T36-1A
818,T29-1A
819,T42-1A
820,T18-1A
821,T27-1A
822,T4-1A
823,T157-3A
824,T68-3A
825,T147-3A
826,T50-3A
827,T50-1A
828,T55-3A
829,T55-1A
830,T152-1A
831,T66-1A
832,T46-1A
833,T16-1A
834,T26-1A
835,T47-3A
836,T47-1A
837,T58-1A
838,T41-1A
839,T27-2A
840,T09J400A
841,T9-3A
842,T18-2A
843,F1-110
844,T106-1A
845,T74-1A
846,T70-1A
847,FAA-124
848,FAA-105
849,FAA-128
850,FAA-318
851,FAA-317
852,FAA-316
853,FAA-313
854,FAA-312
855,FAA-311
856,FAA-130
857,FAA-129
858,FAA-127
859,FAA-125
860,FAA-107
861,FAA-123
862,FAA-119
863,FAA-120
864,FAA-103
865,FAA-106
866,FAA-109
867,FAA-117
868,FAA-122
869,C3-4793
870,F1-118
871,FAA-303
872,C5-5158
873,D4-5199
874,FAA-126
875,D3-5200
876,D3-4897
877,FAA-121
878,T18-1A
879,C6-5035
880,FAA-118
881,C6-5155
882,C15-4856
883,FAA-116
884,FAA-100
885,B21-4968
886,FAA-115
887,C4-5157
888,C6-5242
889,FAA-104
890,C7-5154
891,C8-5164
892,FAA-101
893,C9-5162
894,C9-5165
895,D2-5189
896,D3-5204
897,D5-5202
898,D9-5211
899,D9-5212
900,B21-5145
901,B21-5205
902,B22-5150
903,B23-4966
1934,S5283s
904,B23-5148
905,C10-5180
906,C11-5171
907,C13-5170
908,C16-5186
909,C17-5151
910,C3-5159
911,B4-4953
912,C17-5187
913,C22-5183
1935,FAA-801
914,T160-1A
915,B7-5124
916,E8-4816
917,C27-4527
918,B30-4341
919,B25-4126
920,B4-5128
921,C18-4858
922,C16-4839
923,C19-4846
924,E7-4808
925,B7-5127
1936,FAA-800
926,B07
927,E4-4819
928,T212-2A
929,B30-4433
930,B2-5123
931,B30-4434
932,E4-4809
933,E8-4810
934,E4-4820
935,D9-4910
936,C3-5153
937,C17-4842
938,C15-4790
939,B20-4970
940,C17-4329
941,B6-5126
942,C23-4886
943,B4-4785
944,C4-4791
945,B3-4921
946,D9-4911
947,C30-4572
948,T50-3A
949,C30-4571
950,B25-4401
951,T50-1A
952,B2-4957
953,F1-122
954,T42-1A
955,T48-1A
956,T29-1A
957,T158-1A
958,T157-1A
959,T140-2A
960,C2-5229
961,T213-2A
962,T212-3A
963,C3-5179
964,B5-5122
965,T74-1A
966,T70-1A
967,T46-1A
968,T41-1A
969,T38-1A
970,T37-1A
971,F1-229
972,T36-1A
973,T34-1A
974,T17-1A
975,T16-1A
976,T14-1A
977,T11-1A
979,T43-1A
980,T09J400A
981,T18-3A
982,F1-231
983,T32-1A
984,T58-1A
985,T55-3A
986,T55-1A
987,T55-2A
988,T52-3A
989,T49-1A
990,T69-1A
991,T68-1A
992,T67-3A
993,T66-1A
994,T106-1A
995,T100-3A
996,T174-1A
997,T159-1A
998,T27-2A
999,T27-1A
1000,T26-1A
1001,T47-3A
1002,T47-1A
1003,T173-1A
1004,T159-3A
1005,T174-2A
1006,T152-2A
1007,T161-1A
1008,T171-1A
1009,F1-214
1010,T68-2A
1011,T152-1A
1012,T147-3A
1013,T167-1A
1014,T47-2A
1015,F1-246
1016,FAA-125
1017,FAA-105
1018,FAA-128
1019,FAA-403
1020,FAA-401
1021,FAA-400
1022,FAA-318
1023,FAA-317
1024,FAA-316
1025,FAA-313
1026,FAA-312
1027,FAA-311
1028,FAA-130
1029,FAA-129
1030,FAA-127
1031,FAA-107
1032,FAA-123
1033,FAA-120
1034,FAA-103
1035,FAA-106
1036,FAA-109
1037,FAA-117
1038,FAA-119
1039,FAA-122
1040,FAA-124
1041,FAA-118
1042,D7-4906
1043,D7-4904
1044,FAA-100
1045,FAA-121
1046,D7-4905
1047,D7-4903
1048,F1-117
1049,FAA-101
1050,FAA-126
1051,F1-116
1052,FAA-104
1053,T37-1A
1054,T38-1A
1055,B21-5205
1056,FAA-115
1057,B22-5150
1058,C11-5171
1059,FAA-116
1060,C12-5160
1061,C13-5036
1062,C13-5170
1063,C3-5179
1064,C4-5157
1065,C5-5158
1066,D6-5207
1067,D6-5208
1068,D6-5209
1069,D6-5210
1070,D9-5211
1071,T55-2A
1072,T52-3A
1073,F1-252
1074,T27-1A
1075,T34-1A
1076,E9-4817
1077,E8-4816
1078,E8-4812
1079,E8-4304
1080,F1-122
1081,T140-2A
1082,T32-1A
1083,T67-3A
1084,T55-1A
1085,T58-1A
1086,T55-3A
1087,T36-1A
1088,T9-1A
1089,F1-229
1090,T213-2A
1091,T163-1A
1092,T253-3A
1093,T9-2A
1094,T70-1A
1095,T69-1A
1096,C15C-4972
1097,T27-2A
1098,FAA-124
1099,FAA-128
1100,FAA-403
1101,FAA-318
1102,FAA-317
1103,FAA-316
1104,FAA-313
1105,FAA-312
1106,FAA-311
1107,FAA-130
1108,FAA-127
1109,FAA-125
1110,FAA-107
1111,FAA-123
1112,FAA-122
1113,FAA-119
1114,FAA-117
1115,FAA-106
1116,FAA-103
1117,FAA-120
1118,FAA-303
1119,T34-1A
1120,FAA-126
1121,T55-1A
1122,FAA-121
1123,D3-4897
1124,FAA-118
1125,D9-4911
1126,FAA-116
1127,T147-2A
1128,FAA-115
1129,E7-4808
1130,FAA-104
1131,C19-4846
1132,FAA-102
1133,B2-4957
1134,FAA-101
1135,B7-5127
1136,FAA-100
1137,C2-5229
1138,C3-4793
1139,C3-5159
1140,C3-5179
1141,C4-5157
1142,C5-5158
1143,C6-5035
1144,C6-5155
1145,C6-5242
1146,C7-5154
1147,C8-5164
1148,C9-5162
1149,C9-5165
1150,D2-5189
1151,D3-5200
1152,D3-5204
1153,D4-5199
1154,D5-5202
1155,D9-5211
1156,D9-5212
1157,B21-4968
1158,B21-5145
1159,B21-5205
1160,B22-5150
1161,B23-4966
1162,B23-5148
1163,C10-5180
1164,C11-5171
1165,C13-5170
1166,C16-5186
1167,C17-5151
1168,C17-5187
1169,C20-5178
1170,C21-5184
1171,C22-5181
1172,C22-5183
1173,B3-4921
1174,C17-4842
1175,C17-4329
1176,B4-4953
1177,B08
1178,B14
1179,B21-4969
1180,C15B-4950
1181,C15C-4972
1182,C15D-4949
1183,C16-4839
1184,C15-4856
1185,C18-4858
1186,E4-4820
1187,D9-4910
1188,C12-4400
1189,B30-4434
1190,B30-4433
1191,B30-4341
1192,B25-4126
1193,B4-4785
1194,C23-4886
1195,C4-4791
1196,C27-4527
1197,B20-4970
1198,C30-4572
1199,C30-4571
1200,B25-4401
1201,B30-4340
1202,C28-4890
1203,T106-1A
1204,T46-1A
1205,T213-2A
1206,T212-3A
1207,T106-2A
1208,T105-1A
1209,T174-1A
1210,C3-5153
1211,T159-1A
1212,T158-1A
1213,T173-1A
1214,T212-2A
1215,T159-3A
1216,T174-2A
1217,T152-2A
1218,T161-1A
1219,T160-1A
1220,T171-1A
1221,T157-1A
1222,T152-1A
1223,T147-3A
1224,T47-2A
1225,F1-246
1226,T140-2A
1227,F1-214
1228,T9-1A
1229,T58-1A
1230,T55-3A
1231,T55-2A
1232,T52-3A
1233,T50-3A
1234,T50-1A
1235,T49-1A
1236,T74-1A
1237,T70-1A
1238,T69-1A
1239,T68-1A
1240,T67-3A
1241,T66-1A
1242,T100-3A
1243,T18-3A
1244,T18-2A
1245,T18-1A
1246,B7-5124
1247,T17-1A
1248,T16-1A
1249,T14-1A
1250,T11-1A
1251,T10-2A
1252,T43-1A
1253,T42-1A
1254,T41-1A
1255,T38-1A
1256,B6-5126
1257,T37-1A
1258,T36-1A
1259,T29-1A
1260,B5-5122
1261,T27-2A
1262,T27-1A
1263,T26-1A
1264,T47-3A
1265,T47-1A
1266,B4-5128
1267,FAA-125
1268,FAA-105
1269,FAA-128
1270,FAA-403
1271,FAA-401
1272,FAA-400
1273,FAA-318
1274,FAA-317
1275,FAA-316
1276,FAA-313
1277,FAA-312
1278,FAA-311
1279,FAA-130
1280,FAA-129
1281,FAA-127
1282,FAA-107
1283,FAA-123
1284,FAA-120
1285,FAA-103
1286,FAA-106
1287,FAA-109
1288,FAA-117
1289,FAA-119
1290,FAA-122
1291,FAA-124
1292,S5251s
1293,S5252s
1294,S5253s
1295,S5254s
1296,S5255s
1297,S5260s
1298,S5261s
1299,S5262s
1300,S5264s
1301,S5265s
1302,S5266s
1303,S5267s
1304,S5268s
1305,S5269s
1306,S5270s
1307,S5272s
1308,S5273s
1309,S5274s
1310,S5275s
1311,S5276s
1312,S5279s
1313,S5280s
1314,S5281s
1315,S5282s
1316,S5283s
1317,S5284s
1318,S5285s
1319,S5286s
1320,S5289s
1321,S5291s
1322,S5292s
1323,S5294s
1324,S5296s
1325,S5300s
1326,S5301s
1327,S5302s
1328,S5303s
1329,S5304s
1330,S5305s
1331,S5308s
1332,S5309s
1333,S5317s
1334,S5319s
1335,S5321s
1336,S5322s
1337,S5324s
1338,S5325s
1339,S5326s
1340,S5328s
1341,S5329s
1342,S5331s
1343,S5332s
1344,S5333s
1345,S5334s
1346,S5335s
1347,S5336s
1348,S5337s
1349,S5343s
1350,S5344s
1351,S5345s
1352,S5346s
1353,S5348s
1354,S5349s
1355,S5350s
1356,FA302
1357,F1-CPP
1358,F1-228
1359,F1-318
1360,S5256
1361,F1-343
1362,C15-4790
1363,F1-354
1364,F1-2111
1365,T232-1A
1366,F1-218
1367,T68-2A
1368,T235-1A
1369,S17-4472
1370,S6-4447
1371,T163-1A
1372,F1-322
1373,F1-352
1374,F1-355
1375,S11-4977
1376,S17-4473
1377,S3-4984
1378,S43-5025
1379,S5-4974
1380,T250-1A
1381,T253-2A
1382,T254-1A
1383,T255-1A
1384,T273-7A
1385,T280-1A
1386,T282-4A
1387,F1-332
1388,B30-4434
1389,B30-4433
1390,B30-4341
1391,F1-319
1392,F1-315
1393,C2-5229
1394,F1-313
1395,F1-311
1396,F1-330
1397,F1-305
1398,F1-2060
1399,F1-359
1400,T253-3A
1401,T221-4A
1402,T242-1A
1403,T230-3A
1404,T213-2A
1405,T241-1A
1406,T240-3A
1407,T240-2A
1408,T218-1A
1409,T217-1A
1410,T216-1A
1411,T255-2A
1412,T232-3A
1413,F1-122
1414,T232-2A
1415,T242-4A
1416,T242-3A
1417,T242-2A
1418,T234-1A
1419,T233-1A
1420,T231-1A
1421,T218-4A
1422,T218-2A
1423,T244-1A
1424,T243-1A
1425,T236-1A
1426,T235-2A
1427,T221-1A
1428,T220-1A
1429,T219-1A
1430,T248-2A
1431,T221-3A
1432,T224-1A
1433,T223-1A
1434,T248-1A
1435,T247-2A
1436,T246-4A
1437,T221-2A
1438,T238-2A
1439,T238-1A
1440,T246-2A
1441,T237-1A
1442,T236-3A
1443,T236-2A
1444,T209-1A
1445,T208-1A
1446,T249-4A
1447,T239-1A
1448,T225-2A
1449,T249-3A
1450,T249-2A
1451,T249-1A
1452,T251-1A
1453,T239-3A
1454,T239-2A
1455,T230-1A
1456,T229-3A
1457,T226-3A
1458,T163-2A
1459,T226-2A
1460,T226-1A
1461,T252-1A
1462,T240-1A
1463,T239-4A
1464,T227-1A
1465,T209-2A
1466,F1-309
1467,F1-306
1468,F1-342
1469,S9-4454
1470,C28-4890
1471,C27-4527
1472,C23-4886
1473,F1-407
1474,S25-4493
1475,T212-2A
1476,T212-3A
1477,T212-1A
1478,F1-509
1479,T106-1A
1480,T100-3A
1481,T106-2A
1482,T105-1A
1483,T104-3A
1484,T152-1A
1485,T167-1A
1486,T65-2A
1487,T74-1A
1488,T70-1A
1489,T55-1A
1490,T174-2A
1491,B30-4433
1492,C17-4329
1493,C15-4856
1494,B30-4340
1495,B25-4126
1496,T10-3A
1497,T10-1A
1498,T18-3A
1499,T16-1A
1500,T10-2A
1501,T38-1A
1502,T34-1A
1503,T27-2A
1504,T27-1A
1505,T26-1A
1506,T47-3A
1507,T47-1A
1508,T55-3A
1509,T52-3A
1510,T67-3A
1511,B4-4112
1512,T159-3A
1513,T161-1A
1514,T160-1A
1515,T163-2A
1516,T171-1A
1517,T145-3A
1518,T147-3A
1519,T132-1A
1520,T65-1A
1521,D5-4894
1522,C12-4400
1523,F1-252
1524,T22-3A
1525,T43-1A
1526,T36-1A
1527,T174-1A
1528,T173-2A
1529,T173-1A
1530,T132-2A
1531,F1-2228
1532,D7-4906
1533,T9-1A
1534,C12-4792
1535,C19-4846
1536,C3-4793
1537,D9-4911
1538,B3-4921
1539,B30-4434
1540,B30-4341
1541,B25-4401
1542,B4-4785
1543,C4-4791
1544,C18-4858
1545,C17-4842
1546,C16-4839
1547,D7-4905
1548,D3-4897
1549,C14-4851
1550,D9-4910
1551,F1-231
1552,F1-246
1553,T128-2A
1554,T140-2A
1555,T68-3A
1556,T09J400A
1557,T8-1A
1558,T6-1A
1559,T5-1A
1560,T157-3A
1561,T24-1A
1562,T21-1A
1563,T18-2A
1564,T18-1A
1565,T17-1A
1566,T14-1A
1567,T11-1A
1568,T42-1A
1569,T41-1A
1570,T37-1A
1571,T29-1A
1572,T46-1A
1573,T32-1A
1574,T58-1A
1575,T55-1A
1576,T55-2A
1577,T50-3A
1578,T50-1A
1579,T49-1A
1580,T48-1A
1581,T74-1A
1582,T69-1A
1583,T68-1A
1584,T159-1A
1585,T158-1A
1586,T152-2A
1587,T157-1A
1588,T152-1A
1589,T147-2A
1590,T167-1A
1591,T9-2A
1592,T47-2A
1593,F1-214
1594,F1-239
1595,E2-4305
1596,E3-4811
1597,T70-1A
1598,T154-1A
1599,E8-4816
1600,B19-4387
1601,E8-4812
1602,T66-1A
1603,E8-4810
1604,E7-4808
1605,E8-4304
1606,E6-4821
1607,E4-4822
1608,E4-4820
1609,E4-4819
1610,E4-4809
1611,F1-122
1612,T9-3A
1613,F1-110
1614,F1-600
1615,E9-4817
1616,T64-1A
1617,T4-1A
1618,T65-2A
1619,T61-1A
1620,C30-4572
1621,C30-4571
1622,F1-CPP
1623,F1-509
1624,S9-4454
1625,F1-407
1626,C27-4527
1627,C23-4886
1628,S25-4493
1629,T212-2A
1630,T212-3A
1631,T212-1A
1632,C28-4890
1633,T106-1A
1634,T100-3A
1635,T106-2A
1636,T105-1A
1637,T104-3A
1638,FAA-400
1639,FAA-401
1640,FAA-403
1641,F1-116
1642,F1-118
1643,F1-121
1644,D7-4904
1645,D7-4903
1646,F1-229
1647,F1-117
1648,F1-119
1649,F1-120
1650,F1-228
1651,T209-1A
1652,T68-2A
1653,S9-4454
1654,F1-343
1655,F1-315
1656,T163-1A
1657,F1-CPP
1658,S25-4493
1659,FA302
1660,F1-318
1661,T235-1A
1662,T249-2A
1663,F1-354
1664,C27-4527
1665,T246-2A
1666,F1-509
1667,F1-2060
1668,F1-407
1669,C15-4790
1670,T221-3A
1671,T106-2A
1672,T212-2A
1673,S17-4472
1674,T232-1A
1675,T221-1A
1676,T213-2A
1677,T105-1A
1678,T227-1A
1679,S5-4974
1680,T253-3A
1681,T251-1A
1682,T248-1A
1683,T249-3A
1684,T163-2A
1685,S53-4570
1686,T212-3A
1687,T216-1A
1688,T252-1A
1689,F1-352
1690,T174-2A
1691,T100-3A
1692,T221-4A
1693,T55-1A
1694,FAA-401
1695,T208-1A
1696,T218-4A
1697,T219-1A
1698,T106-1A
1699,T240-2A
1700,C23-4886
1701,T209-2A
1702,FAA-403
1703,T74-1A
1704,T212-1A
1705,T226-1A
1706,C2-5229
1707,FAA-319
1708,T246-4A
1709,F1-355
1710,T221-2A
1711,T167-1A
1712,T249-4A
1713,T68-2A
1714,T209-1A
1715,T163-1A
1716,T163-2A
1717,C15-4790
1718,T55-1A
1719,T213-2A
1720,T174-2A
1721,T208-1A
1722,S5256
1723,F1-355
1724,T253-3A
1725,T221-1A
1726,T209-2A
1727,T167-1A
1728,T221-3A
1729,F1-352
1730,T251-1A
1731,FAA-104
1732,FAA-319
1733,S5261s
1734,T152-1A
1735,S5262s
1736,S5345s
1737,S5270s
1738,F1-122
1739,S5321s
1740,T70-1A
1741,S5255s
1742,F1-332
1743,T237-1A
1744,FAA-101
1745,F1-313
1746,S5300s
1747,S5260s
1748,FAA-126
1749,FAA-100
1750,FAA-115
1751,F1-305
1752,S5335s
1753,S5303s
1754,F1-311
1755,S5268s
1756,T231-1A
1757,T244-1A
1758,T236-2A
1759,T224-1A
1760,S5272s
1761,S5289s
1762,S5317s
1763,S5282s
1764,S5273s
1765,S5286s
1766,S5346s
1767,S5328s
1768,S5334s
1769,S5319s
1770,S5305s
1771,F1-319
1772,S5337s
1773,S5285s
1774,S5324s
1775,S5294s
1776,S5343s
1777,S5336s
1778,S5325s
1779,F1-359
1780,S5284s
1781,T217-1A
1782,S5344s
1783,S5350s
1784,S5349s
1785,FAA-130
1786,FAA-128
1787,FAA-116
1788,FAA-318
1789,FAA-316
1790,FAA-315
1791,FAA-312
1792,FAA-120
1793,FAA-124
1794,FAA-122
1795,FAA-117
1796,FAA-118
1797,F1-228
1798,FA302
1799,F1-343
1800,T235-1A
1801,F1-354
1802,F1-318
1803,T232-1A
1804,T227-1A
1805,T218-4A
1806,T216-1A
1807,S5253s
1808,F1-218
1809,T252-1A
1810,T219-1A
1811,T218-2A
1812,T221-2A
1813,F1-2111
1814,S5301s
1815,F1-322
1816,T240-1A
1817,FAA-310
1818,T220-1A
1819,S5281s
1820,T233-1A
1821,T226-2A
1822,T218-1A
1823,S5276s
1824,F1-330
1825,S5266s
1826,S5291s
1827,S5332s
1828,FAA-314
1829,S5331s
1830,FAA-301
1831,FAA-307
1832,FAA-309
1833,FAA-306
1834,FAA-303
1835,FAA-108
1836,FAA-111
1837,FAA-112
1838,FAA-305
1839,FAA-110
1840,FAA-308
1841,FAA-113
1842,FAA-114
1843,FAA-300
1844,FAA-304
1845,FAA-302
1846,S6-4447
1847,F1-315
1848,T249-2A
1849,T246-2A
1850,F1-2060
1851,T248-1A
1852,T246-4A
1853,T240-2A
1854,T249-3A
1855,T226-1A
1856,S5302s
1857,T249-4A
1858,T249-1A
1859,S5304s
1860,T234-1A
1861,S5254s
1862,FAA-509
1863,S5322s
1864,S5269s
1865,T230-1A
1866,FAA-502
1867,FAA-508
1868,T248-2A
1869,T247-2A
1870,S5329s
1871,S5296s
1872,FAA-511
1873,S5308s
1874,FAA-510
1875,FAA-501
1876,FAA-500
1877,FAA-503
1878,FAA-504
1879,FAA-505
1880,FAA-506
1881,FAA-507
1882,F1-CPP
1883,S9-4454
1884,S25-4493
1885,T105-1A
1886,C27-4527
1887,F1-407
1888,F1-509
1889,T106-1A
1890,T212-2A
1891,T100-3A
1892,C23-4886
1893,T106-2A
1894,T212-3A
1895,FAA-401
1896,T212-1A
1897,FAA-400
1898,T104-3A
1899,C28-4890
1900,FAA-403
1901,S17-4472
1902,S5-4974
1903,FAA-990
1904,T236-1A
1905,T239-3A
1906,S5252s
1907,T241-1A
1908,T239-1A
1909,F1-309
1910,T239-4A
1911,FAA-604
1912,FAA-600
1913,T239-2A
1914,FAA-602
1915,F1-342
1916,S5280s
1917,S5309s
1918,S5265s
1919,S5292s
1920,T255-2A
1921,FAA-603
1922,FAA-601
1923,S5333s
1924,S5348s
1925,T238-2A
1926,T225-2A
1927,F1-306
1928,S5274s
1929,S5267s
1937,T235-2A
1938,T242-3A
1939,T240-3A
1940,T242-4A
1941,T242-2A
1942,T229-3A
1943,S5251s
1944,T223-1A
1945,S5264s
1946,T226-3A
1947,T242-1A
1948,S5279s
1949,T230-3A
1950,T232-3A
1951,FAA-901
1952,T236-3A
1953,FAA-903
1954,S5275s
1955,S5326s
1956,T243-1A
1957,FAA-902
1958,FAA-900
1959,FAA-905
1960,FAA-906
1961,FAA-904
1962,FAA-950
1963,FAA-951
1964,FAA-952
1965,FAA-954
